cardiologist,aortic stenosis
cardiologist,arrhythmias
cardiologist,atherosclerosis
cardiologist,atrial fibrillation
cardiologist,atrial flutter
cardiologist,bradycardia
cardiologist,cardiomyopathy
cardiologist,congenital heart disease
cardiologist,coronary heart disease
cardiologist,defibrillators
cardiologist,heart attacks
cardiologist,heart failure
cardiologist,heart transplantation
cardiologist,high blood cholesterol
cardiologist,hypertrophic cardiomyopathy
cardiologist,long qt syndrome
cardiologist,pacemakers
cardiologist,pericarditis
cardiologist,peripheral vascular disease
cardiologist,preventive cardiology
cardiologist,pulmonary hypertension
cardiologist,restrictive cardiomyopathy
cardiologist,stable angina
cardiologist,supraventricular tachycardia
cardiologist,syncope
cardiologist,triglycerides
cardiologist,vasovagal episodes
dermatologist,alopecia
dermatologist,lichen planus pigmentosus
dermatologist,leucoderma
dermatologist,acne rosasea
dermatologist,erythema migrans
dermatologist,lice
dermatologist,scabies
dermatologist,angioma
dermatologist,dermatofibroma
dermatologist,moles
dermatologist,lipoma
dermatologist,milia
dermatologist,seborrheic keratosis
dermatologist,skin tag
dermatologist,spitz nevus
dermatologist,bullous pemphigoid
dermatologist,dermatitis herpetiformis
dermatologist,pemphigus
dermatologist,pemphigoid
dermatologist,hyperpigmentation
dermatologist,hypopigmentation
dermatologist,allergic contact dermatitis
dermatologist,atopic dermatitis
dermatologist,seborrhea
dermatologist,dermatitis
dermatologist,dry skin
dermatologist,irritant contact dermatitis
dermatologist,nummular dermatitis
dermatologist,perioral dermatitis
dermatologist,photosensitive dermatitis
dermatologist,poison ivy
dermatologist,poison oak
dermatologist,poison sumac
dermatologist,stasis dermatitis
dermatologist,eczema
dermatologist,alopecia areata
dermatologist,cicatricial alopecias
dermatologist,female pattern baldness
dermatologist,folliculitis
dermatologist,hidradenitis suppuritiva
dermatologist,hirsutism
dermatologist,male pattern alopecia
dermatologist,telogen effluvium
dermatologist,traction alopecia
dermatologist,trichotillomania
dermatologist,athlete’s foot
dermatologist,candida
dermatologist,cellulitis
dermatologist,condylomata acuminata
dermatologist,herpes simplex
dermatologist,herpes zoster
dermatologist,impetigo
dermatologist,molluscum contagiosum
dermatologist,shingles
dermatologist,tinea versicolor
dermatologist,tinea capitis
dermatologist,tinea corporis
dermatologist,tinea cruris
dermatologist,tinea pedis
dermatologist,tinea manuum
dermatologist,viral exanthem
dermatologist,warts
dermatologist,herpes zoster
dermatologist,hemangiomas
dermatologist,port wine stains
dermatologist,lichen planus
dermatologist,pityriasis rubra pilaris
dermatologist,psoriasis
dermatologist,lentigos
dermatologist,melasma
dermatologist,actinic keratosis
dermatologist,basal cell carcinoma
dermatologist,cutaneous t-cell lymphoma
dermatologist,melanoma
dermatologist,squamous cell carcinoma
dermatologist,connective tissue disease
dermatologist,dermatomyositis
dermatologist,discoid lupus erythematosus
dermatologist,morphea
dermatologist,scleroderma
dermatologist,subacute cutaneous lupus
dermatologist,erythema multiforme
dermatologist,erythema nodsum
dermatologist,erythroderma
dermatologist,granuloma annulare
dermatologist,hemangiomas
dermatologist,hyperhidrosis
dermatologist,keloids
dermatologist,keratosis pilaris
dermatologist,lichen sclerosis et atrophicus
dermatologist,lichen simplex chronicus
dermatologist,photodamage
dermatologist,pityriasis rosea
dermatologist,spider veins
dermatologist,staphylococcal scalded skin
dermatologist,stevens johnson syndrome
dermatologist,toxic epidermal necrolysis
dermatologist,urticaria
dermatologist,vasculitis
diabetologist,diabetes insipidus
diabetologist,diabetes
diabetologist,diabetes mellitus
diabetologist,gestational diabetes
diabetologist,insulin-dependent diabetes
diabetologist,type 1 diabetes
diabetologist,type 2 diabetes
endocrinologist,acromegaly
endocrinologist,adrenal disorder
endocrinologist,adrenal fatigue
endocrinologist,adrenal incidentaloma
endocrinologist,adrenal insufficiency
endocrinologist,bariatric surgery
endocrinologist,congenital adrenal hyperplasia
endocrinologist,congenital hypothyroidism
endocrinologist,cushing syndrome
endocrinologist,cushings disease
endocrinologist,goiter
endocrinologist,graves disease
endocrinologist,hashimoto disease
endocrinologist,hyperprolactinemia
endocrinologist,hyperthyroidism
endocrinologist,hypopituitarism
endocrinologist,hypothyroidism
endocrinologist,metabolic syndrome
endocrinologist,pancreatitis
endocrinologist,pituitary disorder
endocrinologist,pituitary tumors
endocrinologist,primary aldosteronism
endocrinologist,thyroid disease
endocrinologist,thyroid disorder
endocrinologist,thyroid nodules
endocrinologist,traumatic brain injury
ent specialist,adenoiditis
ent specialist,airway stenosis
ent specialist,allergic rhinitis
ent specialist,ankyloglossia
ent specialist,chronic ear disease
ent specialist,chronic tonsillitis
ent specialist,cleft lip
ent specialist,cleft palate
ent specialist,cochlear implants
ent specialist,complex airway diseases
ent specialist,comprehensive head and neck surgery
ent specialist,down syndrome
ent specialist,facial paralysis
ent specialist,hearing (tinnitus)
ent specialist,laryngomalacia
ent specialist,laryngopharygeal reflux (lpr)
ent specialist,lymphatic malformations
ent specialist,obstructive sleep apnea
ent specialist,otitis media
ent specialist,robotic surgery for throat and larnyx cancer
ent specialist,salivary disease
ent specialist,sialendoscopy
ent specialist,sinus disease
ent specialist,skull-based surgery
ent specialist,sleep apnea
ent specialist,stridor
ent specialist,swallowing
ent specialist,thyroid conditions
ent specialist,tongue tie
ent specialist,tracheomalacia
ent specialist,transoral laser microsurgery (tlm)
ent specialist,transoral robotic surgery (tors)
ent specialist,voice disorders
ent specialist,sinusitis
gastroenterologist,achalasia
gastroenterologist,acute pancreatitis
gastroenterologist,alcoholic liver disease
gastroenterologist,apc1307k
gastroenterologist,barrett’s esophagus
gastroenterologist,blue duct cancer
gastroenterologist,chronic pancreatitis
gastroenterologist,collagenous and lymphocytic colitis
gastroenterologist,colon polyps
gastroenterologist,crohn’s disease
gastroenterologist,familial adenomatous polyposis
gastroenterologist,gallstone disease
gastroenterologist,gastroesophageal reflux disease
gastroenterologist,gastroparesis
gastroenterologist,hepatocellular carcinoma
gastroenterologist,hereditary colorectal cancer
gastroenterologist,hereditary nonpolyposis colorectal cancer
gastroenterologist,irritable bowel syndrome
gastroenterologist,kids familial adenomatous polyposis
gastroenterologist,liver transplant workup
gastroenterologist,peptic ulcer disease
gastroenterologist,portal hypertension
gastroenterologist,sphincter of oddi dysfunction
gastroenterologist,sporadic colorectal cancer
gastroenterologist,stomach (gastric) cancer
gastroenterologist,swallowing disorders
gastroenterologist,ulcerative colitis
gastroenterologist,hepatitis
gastroenterologist,viral hepatitis a & e
gastroenterologist,viral hepatitis b
gastroenterologist,viral hepatitis c
general physician,jaundice
general physician,typhoid
general physician,diarrhoea
general physician,diarrhea
general physician,pyrexia
general physician,malaria
general physician,leptospirosis
general physician,amoebiasis
general physician,cholera
general physician,chicken pox
general physician,hookworm infection
general physician,brucellosis
general physician,influenza
general physician,filariasis
gynecologist,abnormal bleeding
gynecologist,biopsy of the vagina
gynecologist,biopsy of the vulva
gynecologist,breast exam
gynecologist,cervical biopsy
gynecologist,cervical cerclage
gynecologist,chronic pelvic pain
gynecologist,cold knife cone
gynecologist,contraception options
gynecologist,cystectomy
gynecologist,cystocele
gynecologist,ectopic pregnancy
gynecologist,endometrial ablations
gynecologist,endometriosis
gynecologist,fecal incontinence/accidental bowel leakage (abl)
gynecologist,female sexuality issues
gynecologist,fibroids
gynecologist,fistulas
gynecologist,gynecology
gynecologist,hysteroscopy
gynecologist,infertility evaluation and treatment
gynecologist,irregular menstruation
gynecologist,laparoscopic oophorectomy
gynecologist,laparoscopic supracervical hysterectomy
gynecologist,laparoscopy
gynecologist,late chums
gynecologist,lower genital tract dysplasia
gynecologist,menopause
gynecologist,miscarriage
gynecologist,myomectomy
gynecologist,ovarian cysts
gynecologist,pelvic floor dysfunction
gynecologist,pelvic heaviness or fullness
gynecologist,precancerous conditions of cervix and early cervical cancers
gynecologist,pregnancy and mental health
gynecologist,pregnancy and the flu
gynecologist,pregnancy care
gynecologist,premenstrual syndrome (pms)
gynecologist,rectocele
gynecologist,reproductive surgeries
gynecologist,robotic hysterectomy
gynecologist,supracervical total hysterectomy
gynecologist,tension-free vaginal taping/vaginal vault suspension
gynecologist,uterine prolapse
gynecologist,vaginal disorders
gynecologist,vaginal vault prolapse
gynecologist,vaginal yeast infections
gynecologist,vulvodynia
gynecologist,warts and premalignant lesions of the lower reproductive tract
gynecologist,in vitri fertilisation
nephrologist,alports syndrome
nephrologist,chronic kidney disease
nephrologist,chronic renal failure
nephrologist,renal failure
nephrologist,diabetic kidney disorder
nephrologist,diabetic nephropathy
nephrologist,electrolyte disorders
nephrologist,glomerular disease
nephrologist,glomerulonephritis
nephrologist,hematuria
nephrologist,hemolytic uremic syndrome
nephrologist,kidney failure
nephrologist,kidney stones
nephrologist,lupus nephritis
nephrologist,nephrotic syndrome
nephrologist,polycystic kidney disorder
nephrologist,proteinuria
nephrologist,pyelonephritis
nephrologist,renal cell carcinoma
nephrologist,renal insufficiency
neurologist,arteriovenous malformation
neurologist,brain abscesses
neurologist,brain aneurysm
neurologist,brain tumors
neurologist,dural arteriovenous fistulae
neurologist,encephalitis
neurologist,epilepsy
neurologist,huntington's disease
neurologist,infections of the nervous system
neurologist,lou gehrig’s disease
neurologist,memory disorders
neurologist,meningitis
neurologist,migraine
neurologist,multiple sclerosis
neurologist,myasthenia gravis
neurologist,neurodegenerative disorders
neurologist,neuromuscular disorder
neurologist,parkinson's disease
neurologist,peripheral neuropathy
neurologist,post-herpetic neuralgia
neurologist,seizure disorders
neurologist,spina bifida
neurologist,spinal cord disorders
neurologist,spinal cord tumor
oncologist,acute lymphoblastic
oncologist,acute lymphocytic
oncologist,acute myeloid
oncologist,adenoid cystic carcinoma
oncologist,adrenal gland tumor
oncologist,aml
oncologist,amyloidosis
oncologist,anal cancer
oncologist,appendix cancer
oncologist,astrocytoma
oncologist,ataxia telangiectasia
oncologist,b-cell prolymphocytic leukemia and hairy cell leukemia
oncologist,beckwith-wiedemann syndrome
oncologist,bile duct cancer
oncologist,birt-hogg-dubé syndrome
oncologist,bladder cancer
oncologist,bone cancer
oncologist,brain stem glioma
oncologist,brain tumor
oncologist,breast cancer
oncologist,carcinoid tumor
oncologist,carney complex
oncologist,central nervous system tumor
oncologist,cervical cancer
oncologist,childhood cancer
oncologist,cholangiocarcinoma
oncologist,chronic lymphocytic
oncologist,chronic myeloid
oncologist,chronic t-cell lymphocytic
oncologist,cll
oncologist,cml
oncologist,colorectal cancer
oncologist,cowden syndrome
oncologist,craniopharyngioma
oncologist,desmoplastic infantile ganglioglioma
oncologist,diffuse gastric cancer
oncologist,eosinophilic
oncologist,ependymoma
oncologist,esophageal cancer
oncologist,ewing sarcoma
oncologist,eye cancer
oncologist,eyelid cancer
oncologist,familial gist
oncologist,familial malignant melanoma
oncologist,familial non-vhl
oncologist,familial pancreatic cancer
oncologist,gallbladder cancer
oncologist,gastrointestinal stromal tumor
oncologist,germ cell tumor
oncologist,gestational trophoblastic disease
oncologist,head and neck cancer
oncologist,hiv/aids related cancer
oncologist,hodgkin
oncologist,juvenile polyposis syndrome
oncologist,kaposi
oncologist,kidney cancer
oncologist,lacrimal gland tumor
oncologist,laryngeal and hypopharyngeal cancer
oncologist,leiomyomatosis
oncologist,leukemia
oncologist,li-fraumeni syndrome
oncologist,liver cancer
oncologist,lung cancer
oncologist,lymphoma
oncologist,lynch syndrome
oncologist,mastocytosis
oncologist,mds
oncologist,medulloblastoma
oncologist,melanoma
oncologist,meningioma
oncologist,mesothelioma
oncologist,mixed polyposis syndrome
oncologist,muir-torre syndrome
oncologist,multiple endocrine neoplasia type 1
oncologist,multiple endocrine neoplasia type 2
oncologist,multiple myeloma
oncologist,myelodysplastic syndromes
oncologist,myh-associated polyposis
oncologist,nasal cavity and paranasal sinus cancer
oncologist,nasopharyngeal cancer
oncologist,neuroblastoma
oncologist,neuroendocrine tumor
oncologist,neuroendocrine tumor of the pancreas
oncologist,neurofibromatosis type 1
oncologist,neurofibromatosis type 2
oncologist,nevoid basal cell carcinoma syndrome
oncologist,non-hodgkin
oncologist,oral and oropharyngeal cancer
oncologist,osteosarcoma
oncologist,ovarian cancer
oncologist,pancreatic cancer
oncologist,papillary renal carcinoma
oncologist,parathyroid cancer
oncologist,penile cancer
oncologist,peritoneal cancer
oncologist,peutz-jeghers syndrome
oncologist,pituitary gland tumor
oncologist,pleuropulmonary blastoma
oncologist,prostate cancer
oncologist,renal cell cancer
oncologist,retinoblastoma
oncologist,rhabdomyosarcoma
oncologist,salivary gland cancer
oncologist,sarcoma
oncologist,sarcomas of specific organs
oncologist,skin cancer
oncologist,small bowel cancer
oncologist,stomach cancer
oncologist,testicular cancer
oncologist,thymic carcinoma
oncologist,thymoma
oncologist,thyroid cancer
oncologist,tuberous sclerosis complex
oncologist,unknown primary
oncologist,uterine cancer
oncologist,vaginal cancer
oncologist,von hippel-lindau syndrome
oncologist,vulvar cancer
oncologist,waldenstrom’s macroglobulinemia
oncologist,werner syndrome
oncologist,wilms tumor
oncologist,xeroderma pigmentosum
orthopedic,adhesive capsulitis
orthopedic,arthritis
orthopedic,baseball ebow
orthopedic,bunion
orthopedic,bursitis
orthopedic,carpal tunnel syndrome
orthopedic,cervical disk degeneration
orthopedic,compound fracture
orthopedic,cubital tunnel syndrome
orthopedic,fibromyalgia
orthopedic,fracture
orthopedic,golfer's elbow
orthopedic,greenstick
orthopedic,hammertoes
orthopedic,herniated disk in the neck
orthopedic,hip fracture
orthopedic,impingement syndrome
orthopedic,kyphosis
orthopedic,lateral epicondylitis
orthopedic,ligament injuries to the knee
orthopedic,medial epicondylitis
orthopedic,morton neuroma
orthopedic,oblique fracture
orthopedic,osteoarthritis
orthopedic,osteoporosis
orthopedic,paget's disease
orthopedic,rheumatoid arthritis
orthopedic,scoliosis
orthopedic,simple fracture
orthopedic,tendinosis
orthopedic,tendonitis
orthopedic,tennis elbow
orthopedic,torn meniscus
orthopedic,torn rotator cuff
pediatrician,autism
pediatrician,candida albicans infection
pediatrician,candida parapsilosis infection
pediatrician,cytomegalovirus infection
pediatrician,diphtheria
pediatrician,gonorrhea infection of the newborn
pediatrician,group b streptoccus infection
pediatrician,human coronavirus infection
pediatrician,measles
pediatrician,meconium aspiration syndrome
pediatrician,metapneumovirus (hmpv) infection
pediatrician,necrotizing enterocolitis
pediatrician,parainfluenza (piv) infection
pediatrician,pertussis
pediatrician,poliomyelitis
pediatrician,prenatal listeria
pediatrician,respiratory distress syndrome
pediatrician,respiratory syncytial virus infection
pediatrician,rhinovirus
pediatrician,tetanus
pediatrician,ureaplasma urealyticum infection
psychiatrist,adhd
psychiatrist,alzheimer's
psychiatrist,anxiety disorder
psychiatrist,autism spectrum disorder
psychiatrist,bipolar disorder
psychiatrist,gambling disorder
psychiatrist,gender dysphoria
psychiatrist,hoarding disorder
psychiatrist,intellectual disability
psychiatrist,obsessive-compulsive disorder
psychiatrist,ocd
psychiatrist,personality disorders
psychiatrist,postpartum depression
psychiatrist,posttraumatic stress disorder
psychiatrist,ptsd
psychiatrist,schizophrenia
psychiatrist,sleep disorders
psychiatrist,somatic symptom disorder
psychiatrist,specific learning disorder
psychiatrist,substance abuse
psychiatrist,dementia
pulmonologist,acute respiratory distress syndrome
pulmonologist,asbestosis
pulmonologist,asthma
pulmonologist,bronchitis
pulmonologist,brown lung disease
pulmonologist,byssinosis
pulmonologist,chronic cough
pulmonologist,chronic obstructive pulmonary disease
pulmonologist,cystic fibrosis
pulmonologist,emphysema
pulmonologist,farmer’s lung
pulmonologist,hemoptysis
pulmonologist,hypersensitivity pneumonitis
pulmonologist,interstitial lung disease
pulmonologist,interstitial lung disease
pulmonologist,lung cancer
pulmonologist,nontuberculous mycobacteria
pulmonologist,obstructive sleep apnea
pulmonologist,occupational lung disease
pulmonologist,occupational lung disease
pulmonologist,pleural effusion
pulmonologist,pulmonary fibrosis
pulmonologist,rheumatoid lung disease
pulmonologist,sarcoidosis
pulmonologist,silicosis
pulmonologist,solitary pulmonary nodule
pulmonologist,tuberculosis
pulmonologist,diastolic dysfunction
sexologist,absent ejaculation
sexologist,bacterial vaginosis
sexologist,chancroid
sexologist,defective ovulation
sexologist,delayed ejaculation
sexologist,dhaat syndrome
sexologist,dyspareunia
sexologist,erectile dysfunction
sexologist,genital wart
sexologist,gonorrohea
sexologist,herpes
sexologist,hiv
sexologist,hydrocele
sexologist,impotency
sexologist,inguinal itching
sexologist,leucorrhoea
sexologist,low libido
sexologist,male infertility
sexologist,masturbation
sexologist,molluscum contagiosum
sexologist,night falls
sexologist,premature ejaculation
sexologist,retrograde ejaculation
sexologist,sexually transmitted diseases
sexologist,std
sexologist,syphilis
sexologist,trichomoniasis
sexologist,unnatural sex
sexologist,vaginismus
sexologist,varicocele
sexologist,chlamydia
sexologist,hsv1 igg
sexologist,phimosis
urologist,kidney stone
urologist,prostatitis
urologist,interstitial cystitis
urologist,enlarged prostate
urologist,undescended testicles
urologist,hypospadias
urologist,bladder exstrophy
urologist,epispadias
urologist,azoospermia
urologist,bladder control problems
urologist,cystocele
urologist,end-stage renal disease
urologist,fecal incontinence
urologist,hypospadias
urologist,kidney transplant
urologist,hypogonadism
urologist,male infertility
urologist,neurogenic bladder
urologist,overactive bladder
urologist,pelvic organ prolapse
urologist,peyronie's disease
urologist,post-prostatectomy incontinence
urologist,prostatitis
urologist,priapism
urologist,rectal prolapse
urologist,recurrent urinary tract infections
urologist,stress urinary incontinence
urologist,testicular pain
urologist,testosterone deficiency
urologist,upper tract tumor
urologist,ureteropelvic junction obstruction
urologist,urethral cancer
urologist,urethral diverticulum
urologist,urethral stricture disease
urologist,urinary incontinence
urologist,urinary tract infection
urologist,microsurgical varicocelectomy
urologist,varicocele
urologist,vasectomy reversal
urologist,vesicoureteral reflux
urologist,vesicovaginal fistula
urologist,voiding dysfunction
cardiologist,angina
